{"OIH": [51.50833088913875, 564.5307892624701, 322.6276086886223, 688.4033492638724, 346.7010774536963, 426.6973310589405, 892.9826492526178, 239.78820613251617, 1380.0336426237172, 66.86442006653925, 547.831374838623, 235.66429290534643, 491.5696355887501, 96.95465777903443, 89.80904234842549, 421.71321728883487, 3.0, 295.6649012851018, 1454.6047255684045, 635.9394060983861], "Dummy": [245.9887151386457, 753.360290029688, 483.8955774202361, 1028.2802831261254, 583.6045210322645, 456.41201847339556, 1211.9286693254123, 430.19945345403596, 1457.337560874299, 304.7318164279604, 560.780941317917, 359.14303852610226, 635.2861701040835, 305.7323310157106, 572.3015431721276, 578.8312690196158, 241.5211343953374, 330.8514262101226, 1536.1136893758394, 713.8342689930895], "SE_3": [88.38719269802696, 686.3010128609181, 420.8379601690251, 931.9615402039223, 460.7446008168177, 457.90716972441413, 1063.0488690949355, 424.1047172147067, 1445.7825800797605, 142.11601098911365, 576.4569976094584, 300.6141948459786, 602.6976568608881, 170.9711038934484, 468.0487743816016, 485.4255051607035, 130.64694960419186, 353.59553433934445, 1537.2163897588089, 691.4119917448004], "SE_4": [92.23355411146329, 673.1007047063522, 423.00002910434114, 913.18707878487, 498.90150015920904, 457.5558405329096, 1050.0842735397848, 437.1993513278862, 1423.1448426377872, 137.42549770890838, 575.4959352376836, 292.79476355530625, 608.4293753191195, 156.76611107800875, 358.4278360391537, 508.8501645057387, 97.85321856171146, 323.96786657001564, 1520.2264915692128, 690.4119917448004], "SE_5": [114.47638285767964, 702.550748430672, 427.86687515249196, 973.6779332993069, 495.93830246310125, 452.30408039906996, 1114.5863307178467, 420.1785472015312, 1449.621730364726, 186.69513771548944, 574.6548911868898, 290.08892331763116, 616.1964212219863, 195.67428388463645, 435.474756411056, 562.1966966595685, 175.44005302127465, 326.9412136016481, 1500.9386717834554, 686.3842433231115], "SE_EV": [136.56481591086975, 736.1190865217114, 500.8387469886166, 978.6414870800631, 466.20607722573936, 467.73279753506574, 1133.7034447333278, 453.1719698168801, 1457.336995776079, 247.64248180328667, 588.0644099386537, 362.09609043577086, 635.5977012418573, 239.44392295502357, 655.2535091317823, 522.4868430347988, 197.3275825721927, 334.4937877758003, 1549.9406667943754, 723.7732454927058], "ADP": [1638.8968313813066, 1853.3722286375998, 1790.480266349459, 2806.5558068163155, 1572.2664130465907, 2080.6056650647197, 2201.825547271799, 2821.306623145588, 3908.5591612613734, 1105.2500612029867, 2151.269602712474, 2238.0618994056204, 2731.523481074085, 1197.3988504938006, 2633.559852131388, 2046.8744782128754, 1243.664995887262, 1890.5676977077346, 3154.700921828231, 2068.3468755981116]}